;precision;recall;f1-score;support
0;0.7619047619047619;0.8888888888888888;0.8205128205128205;18.0
1;0.5;0.2857142857142857;0.36363636363636365;7.0
accuracy;0.72;0.72;0.72;0.72
macro avg;0.6309523809523809;0.5873015873015872;0.592074592074592;25.0
weighted avg;0.6885714285714286;0.72;0.6925874125874125;25.0
