;precision;recall;f1-score;support
0;0.8;0.8888888888888888;0.8421052631578948;18.0
1;0.6;0.42857142857142855;0.5;7.0
accuracy;0.76;0.76;0.76;0.76
macro avg;0.7;0.6587301587301587;0.6710526315789473;25.0
weighted avg;0.7440000000000001;0.76;0.7463157894736843;25.0
